{
    "num_samples": 277,
    "auc_margin": 0.9969372727391208,
    "auc_neg_entropy": 0.9965071876344016,
    "auc_frame_logits": 0.9021751879993224,
    "thresholds_margin": {
        "fpr_0.001": {
            "threshold": 1.8418002128601074,
            "actual_fpr": 0.0,
            "tpr": 0.9638989169675091
        },
        "fpr_0.01": {
            "threshold": 1.4654614925384521,
            "actual_fpr": 0.0036101083032490976,
            "tpr": 0.9783393501805054
        },
        "fpr_0.05": {
            "threshold": 1.3078556060791016,
            "actual_fpr": 0.018050541516245487,
            "tpr": 0.9819494584837545
        }
    },
    "thresholds_neg_entropy": {
        "fpr_0.001": {
            "threshold": -0.8376729488372803,
            "actual_fpr": 0.0,
            "tpr": 0.9638989169675091
        },
        "fpr_0.01": {
            "threshold": -1.0734726190567017,
            "actual_fpr": 0.007220216606498195,
            "tpr": 0.9747292418772563
        },
        "fpr_0.05": {
            "threshold": -1.2583749294281006,
            "actual_fpr": 0.02888086642599278,
            "tpr": 0.9819494584837545
        }
    },
    "thresholds_frame_logits": {
        "fpr_0.001": {
            "threshold": -1.258223295211792,
            "actual_fpr": 0.0,
            "tpr": 0.6750902527075813
        },
        "fpr_0.01": {
            "threshold": -1.4618232250213623,
            "actual_fpr": 0.007220216606498195,
            "tpr": 0.6823104693140795
        },
        "fpr_0.05": {
            "threshold": -2.2808098793029785,
            "actual_fpr": 0.04693140794223827,
            "tpr": 0.7436823104693141
        }
    }
}